",order_number,order_date,channel,customer_name,product_name,order_quantity,unit_price,revenue,unit_cost,state_code,state_name,region,county"
"0,SO - 006457,2024-02-01,wholesale,Ola Company,Product 12,9,1822.4,16401.6,1184.0,FL,Florida,county,Broward County"
"1,SO - 0081349,2024-02-02,wholesale,Ola Company,Product 4,35,1246.2,43617.0,872.4,NJ,New Jersey,county,Cumberland County"
"2,SO - 006289,2024-02-03,wholesale,Snapptags Ltd,Product 25,43,877.7,37741.1,5266.2,NC,North Carolina,Northeast,"
"3,SO - 008089,2024-02-04,wholesale,Army Group,Product 1,25,3155.6,78889.0,2586.275,TN,Tennessee,county,Madison County"
"4,SO - 006093,2024-02-05,wholesale,Cadillac Ltd,Product 24,12,3135.6,37627.2,2508.48,CA,California,West,"
"5,SO - 0085228,2024-02-06,wholesale,Johnson Ltd,Product 2,6,1792.0,10752.0,6432.0,VA,Virginia,county,San Joaquin County"
"6,SO - 008249,2024-02-07,wholesale,Intentaio Company,Product 15,23,495.0,11385.0,205.0,WI,Wisconsin,Midwest,Milwaukee County"
"7,SO - 006399,2024-02-08,wholesale,Gigabox Group,Product 1,10,2499.1,24991.0,2499.1,WI,Wisconsin,Midwest,Milwaukee County"
